model,epoch,train_loss,val_loss
DINOv3 + DPT,0,3.090794,2.752760
DINOv3 + DPT,1,2.621768,2.476317
DINOv3 + DPT,2,2.305447,2.221161
DINOv3 + DPT,3,2.110589,1.947194
DINOv3 + DPT,4,1.841487,1.727758
DINOv3 + DPT,5,1.658308,1.505159
DINOv3 + DPT,6,1.486839,1.341259
DINOv3 + DPT,7,1.346427,1.292011
DINOv3 + DPT,8,1.203036,1.106012
DINOv3 + DPT,9,1.082592,1.027102
DINOv3 + DPT,10,1.041747,0.941080
DINOv3 + DPT,11,0.900348,0.839121
DINOv3 + DPT,12,0.864568,0.803251
DINOv3 + DPT,13,0.792161,0.771617
DINOv3 + DPT,14,0.716384,0.706441
DINOv3 + DPT,15,0.707620,0.680601
DINOv3 + DPT,16,0.682641,0.634463
DINOv3 + DPT,17,0.647344,0.627972
DINOv3 + DPT,18,0.598182,0.586653
DINOv3 + DPT,19,0.568564,0.557107
DINOv3 + DPT,20,0.557656,0.550600
DINOv3 + DPT,21,0.525265,0.522737
DINOv3 + DPT,22,0.515379,0.512242
DINOv3 + DPT,23,0.508079,0.483602
DINOv3 + DPT,24,0.502745,0.465520
DINOv3 + DPT,25,0.480807,0.461003
DINOv3 + DPT,26,0.456733,0.437242
DINOv3 + DPT,27,0.442289,0.432526
DINOv3 + DPT,28,0.425430,0.413727
DINOv3 + DPT,29,0.429780,0.412977
DINOv3 + DPT,30,0.416786,0.407138
DINOv3 + DPT,31,0.427912,0.404670
DINOv3 + DPT,32,0.394364,0.389937
DINOv3 + DPT,33,0.405531,0.395843
DINOv3 + DPT,34,0.408134,0.375756
DINOv3 + DPT,35,0.399531,0.373688
DINOv3 + DPT,36,0.384887,0.367236
DINOv3 + DPT,37,0.405920,0.358319
DINOv3 + DPT,38,0.384264,0.357676
DINOv3 + DPT,39,0.361709,0.356051
DINOv3 + DPT,40,0.397058,0.355119
DINOv3 + DPT,41,0.349283,0.352094
DINOv3 + DPT,42,0.360799,0.341445
DINOv3 + DPT,43,0.353917,0.344064
DINOv3 + DPT,44,0.334974,0.347366
DINOv3 + DPT,45,0.350726,0.344773
DINOv3 + DPT,46,0.364267,0.347707
DINOv3 + DPT,47,0.363535,0.342343
DINOv3 + DPT,48,0.354786,0.338894
DINOv3 + DPT,49,0.359457,0.333488
DINOv3 + DPT,50,0.330450,0.333288
DINOv3 + DPT,51,0.347128,0.321340
DINOv3 + DPT,52,0.320265,0.323978
DINOv3 + DPT,53,0.331245,0.330778
DINOv3 + DPT,54,0.320389,0.324120
DINOv3 + DPT,55,0.321754,0.320507
DINOv3 + DPT,56,0.316414,0.324362
DINOv3 + DPT,57,0.329067,0.319849
DINOv3 + DPT,58,0.320542,0.316463
DINOv3 + DPT,59,0.330840,0.320366
DINOv3 + DPT,60,0.321294,0.312330
DINOv3 + DPT,61,0.325331,0.316829
DINOv3 + DPT,62,0.327895,0.321499
DINOv3 + DPT,63,0.334473,0.317587
DINOv3 + DPT,64,0.335043,0.319833
DINOv3 + DPT,65,0.324684,0.315015
DINOv3 + DPT,66,0.304731,0.315243
DINOv3 + DPT,67,0.332904,0.304487
DINOv3 + DPT,68,0.334373,0.310690
DINOv3 + DPT,69,0.320466,0.312371
DINOv3 + DPT,70,0.304431,0.306718
DINOv3 + DPT,71,0.294747,0.307956
DINOv3 + DPT,72,0.313928,0.308916
DINOv3 + DPT,73,0.294990,0.311148
DINOv3 + DPT,74,0.312410,0.312129
DINOv3 + DPT,75,0.309602,0.305206
DINOv3 + DPT,76,0.288943,0.307630
DINOv3 + DPT,77,0.302652,0.303371
DINOv3 + DPT,78,0.285063,0.306684
DINOv3 + DPT,79,0.287220,0.303762
DINOv3 + DPT,80,0.306281,0.303328
DINOv3 + DPT,81,0.312789,0.307330
DINOv3 + DPT,82,0.300551,0.307964
DINOv3 + DPT,83,0.326314,0.300244
DINOv3 + DPT,84,0.292631,0.298167
DINOv3 + DPT,85,0.294539,0.303640
DINOv3 + DPT,86,0.312928,0.305079
DINOv3 + DPT,87,0.304079,0.306720
DINOv3 + DPT,88,0.283273,0.304470
DINOv3 + DPT,89,0.291921,0.300356
DINOv3 + DPT,90,0.289028,0.300773
DINOv3 + DPT,91,0.287650,0.299054
DINOv3 + DPT,92,0.290523,0.302388
DINOv3 + DPT,93,0.291717,0.302803
DINOv3 + DPT,94,0.286426,0.297678
DINOv3 + DPT,95,0.288465,0.301417
DINOv3 + DPT,96,0.291365,0.297250
DINOv3 + DPT,97,0.279228,0.304306
DINOv3 + DPT,98,0.290243,0.302018
DINOv3 + DPT,99,0.295750,0.302193
DINOv3 + DPT,100,0.289291,0.297374
DINOv3 + DPT,101,0.278759,0.297553
DINOv3 + DPT,102,0.278747,0.303033
DINOv3 + DPT,103,0.277115,0.295824
DINOv3 + DPT,104,0.283241,0.300423
DINOv3 + DPT,105,0.283823,0.297590
DINOv3 + DPT,106,0.299740,0.303162
DINOv3 + DPT,107,0.290576,0.298470
DINOv3 + DPT,108,0.282246,0.301647
DINOv3 + DPT,109,0.259305,0.298006
DINOv3 + DPT,110,0.286440,0.296434
DINOv3 + DPT,111,0.293115,0.311328
DINOv3 + DPT,112,0.273564,0.299280
DINOv3 + DPT,113,0.283957,0.300049
DINOv3 + DPT,114,0.267342,0.297731
DINOv3 + DPT,115,0.289914,0.297730
DINOv3 + DPT,116,0.278209,0.296642
DINOv3 + DPT,117,0.277092,0.294075
DINOv3 + DPT,118,0.269730,0.299711
DINOv3 + DPT,119,0.253699,0.299534
DINOv3 + DPT,120,0.263453,0.298078
DINOv3 + DPT,121,0.261195,0.297301
DINOv3 + DPT,122,0.261407,0.297769
DINOv3 + DPT,123,0.277821,0.300835
DINOv3 + DPT,124,0.255217,0.298836
DINOv3 + DPT,125,0.272754,0.297829
DINOv3 + DPT,126,0.257206,0.303635
DINOv3 + DPT,127,0.264784,0.297028
DINOv3 + DPT,128,0.272181,0.296868
DINOv3 + DPT,129,0.274633,0.298764
DINOv3 + DPT,130,0.254123,0.298120
DINOv3 + DPT,131,0.264073,0.295680
DINOv3 + DPT,132,0.280683,0.297668
DINOv2 + DPT,0,3.109650,3.035197
DINOv2 + DPT,1,2.627219,2.456599
DINOv2 + DPT,2,2.336008,2.170576
DINOv2 + DPT,3,2.042082,1.911685
DINOv2 + DPT,4,1.809520,1.741868
DINOv2 + DPT,5,1.611619,1.514381
DINOv2 + DPT,6,1.474732,1.347005
DINOv2 + DPT,7,1.307770,1.189068
DINOv2 + DPT,8,1.191867,1.117471
DINOv2 + DPT,9,1.100973,0.998557
DINOv2 + DPT,10,1.004375,0.942289
DINOv2 + DPT,11,0.893584,0.857021
DINOv2 + DPT,12,0.829616,0.781946
DINOv2 + DPT,13,0.795449,0.728371
DINOv2 + DPT,14,0.751379,0.682559
DINOv2 + DPT,15,0.697137,0.633471
DINOv2 + DPT,16,0.664978,0.617403
DINOv2 + DPT,17,0.649624,0.573664
DINOv2 + DPT,18,0.606139,0.553943
DINOv2 + DPT,19,0.588861,0.531020
DINOv2 + DPT,20,0.561608,0.497939
DINOv2 + DPT,21,0.547526,0.485210
DINOv2 + DPT,22,0.509540,0.471102
DINOv2 + DPT,23,0.543778,0.455002
DINOv2 + DPT,24,0.492886,0.442173
DINOv2 + DPT,25,0.459135,0.457739
DINOv2 + DPT,26,0.449658,0.430942
DINOv2 + DPT,27,0.444090,0.416381
DINOv2 + DPT,28,0.432479,0.407577
DINOv2 + DPT,29,0.433786,0.400941
DINOv2 + DPT,30,0.420642,0.409093
DINOv2 + DPT,31,0.410776,0.402389
DINOv2 + DPT,32,0.416618,0.371963
DINOv2 + DPT,33,0.400915,0.375776
DINOv2 + DPT,34,0.436642,0.369196
DINOv2 + DPT,35,0.413007,0.361810
DINOv2 + DPT,36,0.373888,0.360146
DINOv2 + DPT,37,0.376858,0.352314
DINOv2 + DPT,38,0.388337,0.353875
DINOv2 + DPT,39,0.392427,0.354736
DINOv2 + DPT,40,0.365511,0.342410
DINOv2 + DPT,41,0.341526,0.337317
DINOv2 + DPT,42,0.347781,0.345531
DINOv2 + DPT,43,0.372640,0.331964
DINOv2 + DPT,44,0.365729,0.331544
DINOv2 + DPT,45,0.336125,0.328153
DINOv2 + DPT,46,0.326596,0.331990
DINOv2 + DPT,47,0.341449,0.326538
DINOv2 + DPT,48,0.327695,0.320033
DINOv2 + DPT,49,0.367765,0.325806
DINOv2 + DPT,50,0.347848,0.316606
DINOv2 + DPT,51,0.354628,0.316959
DINOv2 + DPT,52,0.334308,0.310123
DINOv2 + DPT,53,0.319261,0.313113
DINOv2 + DPT,54,0.346015,0.307085
DINOv2 + DPT,55,0.328341,0.322428
DINOv2 + DPT,56,0.327993,0.310987
DINOv2 + DPT,57,0.336589,0.304330
DINOv2 + DPT,58,0.327511,0.313922
DINOv2 + DPT,59,0.300832,0.314500
DINOv2 + DPT,60,0.313416,0.312342
DINOv2 + DPT,61,0.318915,0.305611
DINOv2 + DPT,62,0.314118,0.302634
DINOv2 + DPT,63,0.333809,0.305404
DINOv2 + DPT,64,0.291882,0.305009
DINOv2 + DPT,65,0.310389,0.295038
DINOv2 + DPT,66,0.323163,0.300154
DINOv2 + DPT,67,0.305816,0.304719
DINOv2 + DPT,68,0.300113,0.294847
DINOv2 + DPT,69,0.311984,0.297650
DINOv2 + DPT,70,0.308181,0.299778
DINOv2 + DPT,71,0.287658,0.301122
DINOv2 + DPT,72,0.304956,0.299881
DINOv2 + DPT,73,0.289461,0.298016
DINOv2 + DPT,74,0.301031,0.298896
DINOv2 + DPT,75,0.292043,0.296694
DINOv2 + DPT,76,0.310633,0.311176
DINOv2 + DPT,77,0.289096,0.296601
DINOv2 + DPT,78,0.298686,0.301488
DINOv2 + DPT,79,0.286002,0.291710
DINOv2 + DPT,80,0.295153,0.295754
DINOv2 + DPT,81,0.292132,0.294669
DINOv2 + DPT,82,0.302696,0.299019
DINOv2 + DPT,83,0.276108,0.294097
DINOv2 + DPT,84,0.292672,0.288636
DINOv2 + DPT,85,0.264224,0.294699
DINOv2 + DPT,86,0.272354,0.291917
DINOv2 + DPT,87,0.274998,0.294479
DINOv2 + DPT,88,0.273475,0.302280
DINOv2 + DPT,89,0.280654,0.294326
DINOv2 + DPT,90,0.285046,0.290285
DINOv2 + DPT,91,0.278555,0.304036
DINOv2 + DPT,92,0.259916,0.289537
DINOv2 + DPT,93,0.280464,0.298251
DINOv2 + DPT,94,0.278829,0.291141
DINOv2 + DPT,95,0.254221,0.294399
DINOv2 + DPT,96,0.281625,0.293594
DINOv2 + DPT,97,0.279031,0.296024
DINOv2 + DPT,98,0.283282,0.293505
DINOv2 + DPT,99,0.292207,0.301605
DINOv2 + MS,0,1.969706,1.282022
DINOv2 + MS,1,1.188430,0.959735
DINOv2 + MS,2,0.940063,0.746169
DINOv2 + MS,3,0.739868,0.609680
DINOv2 + MS,4,0.618977,0.553201
DINOv2 + MS,5,0.560393,0.508709
DINOv2 + MS,6,0.514258,0.477103
DINOv2 + MS,7,0.553661,0.461341
DINOv2 + MS,8,0.496186,0.454012
DINOv2 + MS,9,0.471140,0.451780
DINOv2 + MS,10,0.471285,0.418724
DINOv2 + MS,11,0.447797,0.450728
DINOv2 + MS,12,0.440441,0.423368
DINOv2 + MS,13,0.414865,0.408785
DINOv2 + MS,14,0.434364,0.413488
DINOv2 + MS,15,0.428499,0.389025
DINOv2 + MS,16,0.418862,0.390844
DINOv2 + MS,17,0.423721,0.383209
DINOv2 + MS,18,0.412262,0.388199
DINOv2 + MS,19,0.397515,0.376744
DINOv2 + MS,20,0.398452,0.376426
DINOv2 + MS,21,0.394024,0.404917
DINOv2 + MS,22,0.410202,0.377234
DINOv2 + MS,23,0.395266,0.379094
DINOv2 + MS,24,0.405215,0.380325
DINOv2 + MS,25,0.393399,0.367150
DINOv2 + MS,26,0.411873,0.369162
DINOv2 + MS,27,0.385672,0.379206
DINOv2 + MS,28,0.386699,0.375274
DINOv2 + MS,29,0.378017,0.359000
DINOv2 + MS,30,0.353624,0.369382
DINOv2 + MS,31,0.380058,0.366208
DINOv2 + MS,32,0.369219,0.370784
DINOv2 + MS,33,0.372135,0.361035
DINOv2 + MS,34,0.376539,0.365025
DINOv2 + MS,35,0.385514,0.369012
DINOv2 + MS,36,0.374371,0.361389
DINOv2 + MS,37,0.392375,0.362526
DINOv2 + MS,38,0.351057,0.355147
DINOv2 + MS,39,0.380559,0.353138
DINOv2 + MS,40,0.346736,0.354678
DINOv2 + MS,41,0.348339,0.359904
DINOv2 + MS,42,0.370528,0.353472
DINOv2 + MS,43,0.358039,0.357145
DINOv2 + MS,44,0.392084,0.365888
DINOv2 + MS,45,0.334834,0.357834
DINOv2 + MS,46,0.357523,0.366893
DINOv2 + MS,47,0.342684,0.348690
DINOv2 + MS,48,0.350902,0.352808
DINOv2 + MS,49,0.347718,0.351413
DINOv2 + MS,50,0.363153,0.348085
DINOv2 + MS,51,0.332531,0.347475
DINOv2 + MS,52,0.359436,0.350712
DINOv2 + MS,53,0.338951,0.352756
DINOv2 + MS,54,0.357159,0.347385
DINOv2 + MS,55,0.353655,0.346753
DINOv2 + MS,56,0.320663,0.346896
DINOv2 + MS,57,0.346401,0.346266
DINOv2 + MS,58,0.346880,0.342466
DINOv2 + MS,59,0.351502,0.346893
DINOv2 + MS,60,0.343349,0.348314
DINOv2 + MS,61,0.334156,0.343222
DINOv2 + MS,62,0.325994,0.347309
DINOv2 + MS,63,0.353324,0.341423
DINOv2 + MS,64,0.347756,0.341668
DINOv2 + MS,65,0.337019,0.343494
DINOv2 + MS,66,0.318805,0.349315
DINOv2 + MS,67,0.317423,0.344325
DINOv2 + MS,68,0.312907,0.341135
DINOv2 + MS,69,0.345568,0.339282
DINOv2 + MS,70,0.331685,0.352526
DINOv2 + MS,71,0.318031,0.346476
DINOv2 + MS,72,0.315122,0.342692
DINOv2 + MS,73,0.353689,0.342264
DINOv2 + MS,74,0.327814,0.350373
DINOv2 + MS,75,0.314155,0.338065
DINOv2 + MS,76,0.341411,0.345783
DINOv2 + MS,77,0.316147,0.349938
DINOv2 + MS,78,0.338831,0.353243
DINOv2 + MS,79,0.341466,0.340707
DINOv2 + MS,80,0.326488,0.338226
DINOv2 + MS,81,0.315197,0.336134
DINOv2 + MS,82,0.314599,0.337627
DINOv2 + MS,83,0.335969,0.339317
DINOv2 + MS,84,0.307035,0.343342
DINOv2 + MS,85,0.329008,0.340381
DINOv2 + MS,86,0.298309,0.345147
DINOv2 + MS,87,0.301652,0.337171
DINOv2 + MS,88,0.308178,0.345324
DINOv2 + MS,89,0.332161,0.342378
DINOv2 + MS,90,0.303113,0.345091
DINOv2 + MS,91,0.311302,0.337637
DINOv2 + MS,92,0.322993,0.342617
DINOv2 + MS,93,0.330801,0.344285
DINOv2 + MS,94,0.302452,0.339202
DINOv2 + MS,95,0.303463,0.344886
DINOv2 + MS,96,0.317233,0.351186
SegDINO,0,1.249708,0.805043
SegDINO,1,0.752099,0.687578
SegDINO,2,0.696498,0.626912
SegDINO,3,0.625063,0.579538
SegDINO,4,0.598622,0.590409
SegDINO,5,0.613011,0.544394
SegDINO,6,0.577369,0.507211
SegDINO,7,0.522651,0.508569
SegDINO,8,0.489213,0.483523
SegDINO,9,0.482176,0.485867
SegDINO,10,0.484976,0.471830
SegDINO,11,0.472484,0.454718
SegDINO,12,0.458158,0.455938
SegDINO,13,0.490335,0.452760
SegDINO,14,0.469330,0.448168
SegDINO,15,0.445683,0.441335
SegDINO,16,0.438474,0.440715
SegDINO,17,0.447623,0.432924
SegDINO,18,0.424527,0.431570
SegDINO,19,0.420783,0.432748
SegDINO,20,0.439877,0.420227
SegDINO,21,0.447258,0.420914
SegDINO,22,0.435111,0.428033
SegDINO,23,0.419103,0.411890
SegDINO,24,0.439878,0.437906
SegDINO,25,0.429524,0.414886
SegDINO,26,0.420941,0.404989
SegDINO,27,0.424476,0.404018
SegDINO,28,0.420333,0.403114
SegDINO,29,0.402006,0.399616
SegDINO,30,0.386110,0.396321
SegDINO,31,0.425344,0.394350
SegDINO,32,0.401547,0.396845
SegDINO,33,0.428748,0.390101
SegDINO,34,0.401995,0.406308
SegDINO,35,0.421269,0.393481
SegDINO,36,0.401395,0.394294
SegDINO,37,0.397615,0.401537
SegDINO,38,0.403015,0.387505
SegDINO,39,0.378093,0.385827
SegDINO,40,0.378147,0.382420
SegDINO,41,0.401666,0.386617
SegDINO,42,0.370389,0.384304
SegDINO,43,0.373555,0.384265
SegDINO,44,0.390249,0.396123
SegDINO,45,0.396490,0.377140
SegDINO,46,0.376881,0.379442
SegDINO,47,0.399283,0.374053
SegDINO,48,0.357815,0.378832
SegDINO,49,0.377091,0.378526
SegDINO,50,0.372482,0.379799
SegDINO,51,0.369832,0.374265
SegDINO,52,0.369647,0.370779
SegDINO,53,0.376744,0.375144
SegDINO,54,0.385733,0.375958
SegDINO,55,0.372074,0.371762
SegDINO,56,0.348562,0.374675
SegDINO,57,0.370741,0.382623
SegDINO,58,0.366127,0.367311
SegDINO,59,0.356218,0.367526
SegDINO,60,0.346760,0.369662
SegDINO,61,0.382628,0.369227
SegDINO,62,0.370270,0.369659
SegDINO,63,0.346017,0.366577
SegDINO,64,0.367127,0.375588
SegDINO,65,0.366793,0.367357
SegDINO,66,0.349155,0.369896
SegDINO,67,0.386792,0.367313
SegDINO,68,0.354396,0.369851
SegDINO,69,0.363871,0.372885
SegDINO,70,0.346292,0.365880
SegDINO,71,0.350443,0.369969
SegDINO,72,0.339664,0.368009
SegDINO,73,0.346196,0.366310
SegDINO,74,0.357804,0.367196
SegDINO,75,0.370039,0.362453
SegDINO,76,0.351170,0.362201
SegDINO,77,0.351462,0.363055
SegDINO,78,0.354374,0.362610
SegDINO,79,0.346688,0.363327
SegDINO,80,0.335736,0.363244
SegDINO,81,0.334499,0.365713
SegDINO,82,0.337045,0.363891
SegDINO,83,0.333748,0.361305
SegDINO,84,0.358248,0.360293
SegDINO,85,0.323664,0.360480
SegDINO,86,0.350778,0.358227
SegDINO,87,0.356811,0.360487
SegDINO,88,0.329290,0.360610
SegDINO,89,0.321685,0.358847
SegDINO,90,0.334455,0.360164
SegDINO,91,0.345655,0.359916
SegDINO,92,0.343516,0.359067
SegDINO,93,0.342588,0.358475
SegDINO,94,0.370174,0.356755
SegDINO,95,0.342951,0.358580
SegDINO,96,0.340665,0.362743
SegDINO,97,0.338144,0.359064
SegDINO,98,0.326767,0.358037
SegDINO,99,0.342986,0.356884
SegDINO,100,0.331488,0.359197
SegDINO,101,0.345377,0.356222
SegDINO,102,0.325684,0.358030
SegDINO,103,0.329061,0.358174
SegDINO,104,0.328512,0.355690
SegDINO,105,0.334122,0.357163
SegDINO,106,0.371875,0.356380
SegDINO,107,0.333630,0.357609
SegDINO,108,0.318244,0.356612
SegDINO,109,0.333312,0.355586
SegDINO,110,0.325804,0.357401
SegDINO,111,0.337870,0.358373
SegDINO,112,0.341996,0.356915
SegDINO,113,0.340371,0.355267
SegDINO,114,0.346237,0.357861
SegDINO,115,0.333493,0.357677
SegDINO,116,0.331488,0.358936
SegDINO,117,0.338488,0.354921
SegDINO,118,0.338626,0.356154
SegDINO,119,0.309859,0.359401
SegDINO,120,0.331774,0.356411
SegDINO,121,0.333948,0.357603
SegDINO,122,0.338254,0.355026
SegDINO,123,0.320738,0.358574
SegDINO,124,0.349714,0.357817
SegDINO,125,0.336267,0.358996
SegDINO,126,0.336797,0.356404
SegDINO,127,0.322862,0.358257
SegDINO,128,0.330536,0.356465
SegDINO,129,0.333583,0.357079
SegDINO,130,0.329038,0.354485
SegDINO,131,0.362659,0.354140
SegDINO,132,0.310802,0.354700
SegDINO,133,0.318348,0.356957
SegDINO,134,0.351263,0.354434
SegDINO,135,0.332354,0.357403
SegDINO,136,0.339457,0.355513
SegDINO,137,0.322656,0.355841
SegDINO,138,0.335294,0.356473
SegDINO,139,0.323352,0.353666
SegDINO,140,0.322807,0.354421
SegDINO,141,0.341260,0.355915
SegDINO,142,0.315309,0.353899
SegDINO,143,0.325570,0.355782
SegDINO,144,0.328609,0.357416
SegDINO,145,0.357510,0.354370
SegDINO,146,0.324552,0.356165
SegDINO,147,0.317559,0.353400
SegDINO,148,0.329288,0.355825
SegDINO,149,0.320588,0.353571
SegDINO,150,0.321297,0.352057
SegDINO,151,0.321095,0.353627
SegDINO,152,0.326809,0.354754
SegDINO,153,0.324938,0.352207
SegDINO,154,0.331832,0.352355
SegDINO,155,0.356815,0.354863
SegDINO,156,0.326528,0.355338
SegDINO,157,0.345507,0.355690
SegDINO,158,0.314204,0.353848
SegDINO,159,0.320186,0.354870
SegDINO,160,0.337155,0.354164
SegDINO,161,0.330023,0.353664
SegDINO,162,0.320787,0.354177
SegDINO,163,0.325593,0.355174
SegDINO,164,0.336465,0.355836
SegDINO,165,0.321713,0.354790
ResNet34 + UNet++,0,3.058099,1.859285
ResNet34 + UNet++,1,1.556604,1.069528
ResNet34 + UNet++,2,1.075216,0.753534
ResNet34 + UNet++,3,0.835280,0.616056
ResNet34 + UNet++,4,0.702644,0.553873
ResNet34 + UNet++,5,0.665396,0.511689
ResNet34 + UNet++,6,0.595042,0.506759
ResNet34 + UNet++,7,0.553625,0.442770
ResNet34 + UNet++,8,0.538452,0.441538
ResNet34 + UNet++,9,0.501035,0.413442
ResNet34 + UNet++,10,0.555540,0.406521
ResNet34 + UNet++,11,0.483108,0.381821
ResNet34 + UNet++,12,0.461799,0.385356
ResNet34 + UNet++,13,0.468593,0.372538
ResNet34 + UNet++,14,0.404775,0.372610
ResNet34 + UNet++,15,0.399637,0.365084
ResNet34 + UNet++,16,0.432908,0.355686
ResNet34 + UNet++,17,0.419820,0.355286
ResNet34 + UNet++,18,0.431370,0.359129
ResNet34 + UNet++,19,0.401971,0.358862
ResNet34 + UNet++,20,0.414564,0.351698
ResNet34 + UNet++,21,0.416233,0.342553
ResNet34 + UNet++,22,0.398590,0.339233
ResNet34 + UNet++,23,0.415817,0.342655
ResNet34 + UNet++,24,0.367404,0.338884
ResNet34 + UNet++,25,0.367012,0.335304
ResNet34 + UNet++,26,0.354051,0.335304
ResNet34 + UNet++,27,0.375193,0.355362
ResNet34 + UNet++,28,0.359515,0.335787
ResNet34 + UNet++,29,0.365679,0.329533
ResNet34 + UNet++,30,0.380501,0.332594
ResNet34 + UNet++,31,0.377342,0.332107
ResNet34 + UNet++,32,0.390190,0.336465
ResNet34 + UNet++,33,0.377289,0.325920
ResNet34 + UNet++,34,0.360223,0.330535
ResNet34 + UNet++,35,0.327897,0.332978
ResNet34 + UNet++,36,0.366069,0.323173
ResNet34 + UNet++,37,0.359941,0.322693
ResNet34 + UNet++,38,0.364442,0.321653
ResNet34 + UNet++,39,0.340361,0.333343
ResNet34 + UNet++,40,0.348487,0.325844
ResNet34 + UNet++,41,0.345986,0.319710
ResNet34 + UNet++,42,0.354594,0.322082
ResNet34 + UNet++,43,0.349724,0.315305
ResNet34 + UNet++,44,0.317508,0.319648
ResNet34 + UNet++,45,0.335833,0.322118
ResNet34 + UNet++,46,0.340599,0.316664
ResNet34 + UNet++,47,0.323740,0.316146
ResNet34 + UNet++,48,0.379171,0.325185
ResNet34 + UNet++,49,0.357538,0.316067
ResNet34 + UNet++,50,0.364681,0.314066
ResNet34 + UNet++,51,0.339455,0.313291
ResNet34 + UNet++,52,0.324586,0.310013
ResNet34 + UNet++,53,0.328319,0.311528
ResNet34 + UNet++,54,0.304618,0.317816
ResNet34 + UNet++,55,0.328521,0.317506
ResNet34 + UNet++,56,0.354926,0.310893
ResNet34 + UNet++,57,0.324928,0.312168
ResNet34 + UNet++,58,0.338890,0.308711
ResNet34 + UNet++,59,0.363352,0.311460
ResNet34 + UNet++,60,0.322618,0.314341
ResNet34 + UNet++,61,0.329342,0.305950
ResNet34 + UNet++,62,0.335351,0.306571
ResNet34 + UNet++,63,0.300062,0.306952
ResNet34 + UNet++,64,0.316622,0.307061
ResNet34 + UNet++,65,0.340264,0.308401
ResNet34 + UNet++,66,0.319064,0.304942
ResNet34 + UNet++,67,0.323807,0.304139
ResNet34 + UNet++,68,0.333087,0.308096
ResNet34 + UNet++,69,0.320576,0.312824
ResNet34 + UNet++,70,0.330707,0.302987
ResNet34 + UNet++,71,0.337943,0.306636
ResNet34 + UNet++,72,0.293693,0.309764
ResNet34 + UNet++,73,0.342183,0.303473
ResNet34 + UNet++,74,0.316972,0.303862
ResNet34 + UNet++,75,0.315889,0.303650
ResNet34 + UNet++,76,0.299997,0.306298
ResNet34 + UNet++,77,0.316665,0.302323
ResNet34 + UNet++,78,0.319300,0.306051
ResNet34 + UNet++,79,0.288130,0.305786
ResNet34 + UNet++,80,0.316819,0.301357
ResNet34 + UNet++,81,0.303915,0.305208
ResNet34 + UNet++,82,0.309438,0.301348
ResNet34 + UNet++,83,0.320793,0.300149
ResNet34 + UNet++,84,0.298638,0.304671
ResNet34 + UNet++,85,0.273225,0.300940
ResNet34 + UNet++,86,0.309582,0.302679
ResNet34 + UNet++,87,0.316604,0.301618
ResNet34 + UNet++,88,0.313092,0.299136
ResNet34 + UNet++,89,0.304210,0.300803
ResNet34 + UNet++,90,0.300351,0.300410
ResNet34 + UNet++,91,0.327557,0.304150
ResNet34 + UNet++,92,0.309850,0.302947
ResNet34 + UNet++,93,0.323049,0.297561
ResNet34 + UNet++,94,0.285949,0.298790
ResNet34 + UNet++,95,0.278554,0.300530
ResNet34 + UNet++,96,0.308806,0.299794
ResNet34 + UNet++,97,0.312702,0.300135
ResNet34 + UNet++,98,0.316207,0.300155
ResNet34 + UNet++,99,0.309946,0.296494
ResNet34 + UNet++,100,0.311238,0.299519
ResNet34 + UNet++,101,0.312053,0.299762
ResNet34 + UNet++,102,0.303758,0.295791
ResNet34 + UNet++,103,0.306226,0.296872
ResNet34 + UNet++,104,0.280983,0.296459
ResNet34 + UNet++,105,0.291473,0.294937
ResNet34 + UNet++,106,0.313880,0.297049
ResNet34 + UNet++,107,0.296565,0.295359
ResNet34 + UNet++,108,0.316831,0.295678
ResNet34 + UNet++,109,0.306678,0.296194
ResNet34 + UNet++,110,0.311822,0.294046
ResNet34 + UNet++,111,0.323538,0.297003
ResNet34 + UNet++,112,0.313347,0.293649
ResNet34 + UNet++,113,0.292042,0.294600
ResNet34 + UNet++,114,0.302646,0.294160
ResNet34 + UNet++,115,0.312542,0.292746
ResNet34 + UNet++,116,0.293509,0.294830
ResNet34 + UNet++,117,0.349972,0.296168
ResNet34 + UNet++,118,0.299347,0.295540
ResNet34 + UNet++,119,0.305262,0.295687
ResNet34 + UNet++,120,0.287937,0.296996
ResNet34 + UNet++,121,0.295188,0.296173
ResNet34 + UNet++,122,0.333554,0.294071
ResNet34 + UNet++,123,0.296243,0.294846
ResNet34 + UNet++,124,0.287036,0.294797
ResNet34 + UNet++,125,0.304728,0.293896
ResNet34 + UNet++,126,0.309036,0.293187
ResNet34 + UNet++,127,0.281311,0.291995
ResNet34 + UNet++,128,0.300825,0.291697
ResNet34 + UNet++,129,0.278959,0.292525
ResNet34 + UNet++,130,0.288718,0.292992
ResNet34 + UNet++,131,0.295738,0.291202
ResNet34 + UNet++,132,0.301244,0.290804
ResNet34 + UNet++,133,0.306009,0.293456
ResNet34 + UNet++,134,0.298193,0.291175
ResNet34 + UNet++,135,0.274487,0.291780
ResNet34 + UNet++,136,0.269731,0.293235
ResNet34 + UNet++,137,0.277084,0.292273
ResNet34 + UNet++,138,0.289993,0.292011
ResNet34 + UNet++,139,0.294469,0.292155
ResNet34 + UNet++,140,0.297881,0.294463
ResNet34 + UNet++,141,0.291139,0.293055
ResNet34 + UNet++,142,0.307657,0.291981
ResNet34 + UNet++,143,0.292786,0.292495
ResNet34 + UNet++,144,0.280509,0.291380
ResNet34 + UNet++,145,0.275780,0.292766
ResNet34 + UNet++,146,0.284670,0.292141
ResNet34 + UNet++,147,0.301304,0.291520
ResNet50 + UNet++,0,3.248849,1.949241
ResNet50 + UNet++,1,1.631898,1.051224
ResNet50 + UNet++,2,1.109917,0.745551
ResNet50 + UNet++,3,0.803395,0.574572
ResNet50 + UNet++,4,0.683775,0.522542
ResNet50 + UNet++,5,0.622641,0.487028
ResNet50 + UNet++,6,0.497129,0.449439
ResNet50 + UNet++,7,0.510049,0.420585
ResNet50 + UNet++,8,0.529286,0.427085
ResNet50 + UNet++,9,0.498697,0.401294
ResNet50 + UNet++,10,0.503078,0.397498
ResNet50 + UNet++,11,0.445532,0.373621
ResNet50 + UNet++,12,0.438333,0.371659
ResNet50 + UNet++,13,0.415359,0.359312
ResNet50 + UNet++,14,0.398956,0.355587
ResNet50 + UNet++,15,0.398339,0.352785
ResNet50 + UNet++,16,0.372206,0.346354
ResNet50 + UNet++,17,0.371798,0.341857
ResNet50 + UNet++,18,0.389281,0.336119
ResNet50 + UNet++,19,0.380621,0.359029
ResNet50 + UNet++,20,0.367602,0.331961
ResNet50 + UNet++,21,0.381669,0.331903
ResNet50 + UNet++,22,0.385903,0.328030
ResNet50 + UNet++,23,0.338853,0.329000
ResNet50 + UNet++,24,0.348748,0.327102
ResNet50 + UNet++,25,0.331923,0.323789
ResNet50 + UNet++,26,0.349545,0.320153
ResNet50 + UNet++,27,0.343598,0.321774
ResNet50 + UNet++,28,0.355621,0.321804
ResNet50 + UNet++,29,0.352884,0.329447
ResNet50 + UNet++,30,0.366667,0.321246
ResNet50 + UNet++,31,0.366470,0.325610
ResNet50 + UNet++,32,0.348209,0.318254
ResNet50 + UNet++,33,0.335164,0.336503
ResNet50 + UNet++,34,0.336617,0.309973
ResNet50 + UNet++,35,0.337656,0.312288
ResNet50 + UNet++,36,0.320858,0.336442
ResNet50 + UNet++,37,0.376077,0.320071
ResNet50 + UNet++,38,0.346263,0.313888
ResNet50 + UNet++,39,0.340306,0.317728
ResNet50 + UNet++,40,0.337359,0.314816
ResNet50 + UNet++,41,0.339273,0.308865
ResNet50 + UNet++,42,0.347523,0.312135
ResNet50 + UNet++,43,0.296262,0.312444
ResNet50 + UNet++,44,0.332832,0.314633
ResNet50 + UNet++,45,0.337918,0.319491
ResNet50 + UNet++,46,0.311215,0.304527
ResNet50 + UNet++,47,0.306587,0.301163
ResNet50 + UNet++,48,0.325228,0.325245
ResNet50 + UNet++,49,0.329597,0.308592
ResNet50 + UNet++,50,0.311916,0.309585
ResNet50 + UNet++,51,0.324154,0.305886
ResNet50 + UNet++,52,0.314096,0.300647
ResNet50 + UNet++,53,0.305130,0.302671
ResNet50 + UNet++,54,0.331305,0.299668
ResNet50 + UNet++,55,0.314735,0.304726
ResNet50 + UNet++,56,0.288912,0.303801
ResNet50 + UNet++,57,0.296566,0.308087
ResNet50 + UNet++,58,0.299975,0.301770
ResNet50 + UNet++,59,0.311954,0.302173
ResNet50 + UNet++,60,0.303004,0.301054
ResNet50 + UNet++,61,0.334519,0.297812
ResNet50 + UNet++,62,0.314879,0.300232
ResNet50 + UNet++,63,0.302997,0.301702
ResNet50 + UNet++,64,0.301005,0.302171
ResNet50 + UNet++,65,0.294353,0.299019
ResNet50 + UNet++,66,0.322366,0.298255
ResNet50 + UNet++,67,0.287534,0.301166
ResNet50 + UNet++,68,0.355672,0.297539
ResNet50 + UNet++,69,0.303779,0.305744
ResNet50 + UNet++,70,0.348656,0.296132
ResNet50 + UNet++,71,0.311094,0.300458
ResNet50 + UNet++,72,0.296679,0.300533
ResNet50 + UNet++,73,0.343150,0.298769
ResNet50 + UNet++,74,0.285851,0.302959
ResNet50 + UNet++,75,0.291984,0.298940
ResNet50 + UNet++,76,0.278473,0.296608
ResNet50 + UNet++,77,0.294724,0.298399
ResNet50 + UNet++,78,0.301857,0.303029
ResNet50 + UNet++,79,0.292814,0.300424
ResNet50 + UNet++,80,0.299618,0.294333
ResNet50 + UNet++,81,0.270742,0.297475
ResNet50 + UNet++,82,0.298877,0.300091
ResNet50 + UNet++,83,0.280227,0.294895
ResNet50 + UNet++,84,0.279404,0.295147
ResNet50 + UNet++,85,0.312029,0.301299
ResNet50 + UNet++,86,0.292917,0.296302
ResNet50 + UNet++,87,0.270771,0.296276
ResNet50 + UNet++,88,0.285621,0.294589
ResNet50 + UNet++,89,0.295764,0.294653
ResNet50 + UNet++,90,0.285438,0.293165
ResNet50 + UNet++,91,0.289812,0.296290
ResNet50 + UNet++,92,0.279685,0.295810
ResNet50 + UNet++,93,0.306992,0.298735
ResNet50 + UNet++,94,0.293852,0.294692
ResNet50 + UNet++,95,0.310524,0.291628
ResNet50 + UNet++,96,0.292244,0.294562
ResNet50 + UNet++,97,0.284778,0.293794
ResNet50 + UNet++,98,0.295908,0.293745
ResNet50 + UNet++,99,0.282084,0.291100
ResNet50 + UNet++,100,0.292372,0.298097
ResNet50 + UNet++,101,0.274040,0.292678
ResNet50 + UNet++,102,0.282450,0.292698
ResNet50 + UNet++,103,0.292618,0.298551
ResNet50 + UNet++,104,0.274932,0.296827
ResNet50 + UNet++,105,0.282223,0.296224
ResNet50 + UNet++,106,0.293911,0.296932
ResNet50 + UNet++,107,0.298231,0.300205
ResNet50 + UNet++,108,0.294490,0.295955
ResNet50 + UNet++,109,0.292908,0.295300
ResNet50 + UNet++,110,0.309857,0.292931
ResNet50 + UNet++,111,0.273277,0.295643
ResNet50 + UNet++,112,0.271343,0.289877
ResNet50 + UNet++,113,0.286306,0.293191
ResNet50 + UNet++,114,0.276558,0.292488
ResNet50 + UNet++,115,0.250868,0.295640
ResNet50 + UNet++,116,0.263166,0.291611
ResNet50 + UNet++,117,0.274123,0.291538
ResNet50 + UNet++,118,0.297335,0.295648
ResNet50 + UNet++,119,0.295937,0.292692
ResNet50 + UNet++,120,0.315158,0.292714
ResNet50 + UNet++,121,0.281889,0.294313
ResNet50 + UNet++,122,0.285521,0.291987
ResNet50 + UNet++,123,0.277315,0.293967
ResNet50 + UNet++,124,0.262139,0.298185
ResNet50 + UNet++,125,0.261108,0.293679
ResNet50 + UNet++,126,0.272830,0.291088
ResNet50 + UNet++,127,0.258758,0.292920
MicroSAM + UNETR,0,2.497763,1.569583
MicroSAM + UNETR,1,1.695216,1.200131
MicroSAM + UNETR,2,1.422105,1.085877
MicroSAM + UNETR,3,1.331709,0.948685
MicroSAM + UNETR,4,1.152279,0.882167
MicroSAM + UNETR,5,1.099128,0.882058
MicroSAM + UNETR,6,1.087522,0.849583
MicroSAM + UNETR,7,0.964051,0.754115
MicroSAM + UNETR,8,0.877823,0.743791
MicroSAM + UNETR,9,0.924419,0.714268
MicroSAM + UNETR,10,0.914765,0.721690
MicroSAM + UNETR,11,0.839079,0.663545
MicroSAM + UNETR,12,0.789525,0.643676
MicroSAM + UNETR,13,0.811767,0.657923
MicroSAM + UNETR,14,0.756453,0.617255
MicroSAM + UNETR,15,0.728574,0.627978
MicroSAM + UNETR,16,0.747810,0.610539
MicroSAM + UNETR,17,0.714965,0.580106
MicroSAM + UNETR,18,0.681684,0.596491
MicroSAM + UNETR,19,0.672841,0.583888
MicroSAM + UNETR,20,0.691248,0.564458
MicroSAM + UNETR,21,0.726142,0.569708
MicroSAM + UNETR,22,0.696630,0.560711
MicroSAM + UNETR,23,0.666385,0.536580
MicroSAM + UNETR,24,0.660065,0.526515
MicroSAM + UNETR,25,0.666819,0.555721
MicroSAM + UNETR,26,0.684267,0.539493
MicroSAM + UNETR,27,0.615472,0.531712
MicroSAM + UNETR,28,0.651059,0.513743
MicroSAM + UNETR,29,0.643814,0.529796
MicroSAM + UNETR,30,0.636709,0.509516
MicroSAM + UNETR,31,0.665773,0.513287
MicroSAM + UNETR,32,0.632269,0.504303
MicroSAM + UNETR,33,0.624904,0.526416
MicroSAM + UNETR,34,0.609130,0.491065
MicroSAM + UNETR,35,0.584629,0.489055
MicroSAM + UNETR,36,0.591578,0.501385
MicroSAM + UNETR,37,0.588191,0.499607
MicroSAM + UNETR,38,0.631489,0.495068
MicroSAM + UNETR,39,0.566364,0.484855
MicroSAM + UNETR,40,0.631257,0.479713
MicroSAM + UNETR,41,0.605862,0.487216
MicroSAM + UNETR,42,0.562587,0.471108
MicroSAM + UNETR,43,0.599702,0.471937
MicroSAM + UNETR,44,0.640512,0.492276
MicroSAM + UNETR,45,0.576800,0.481612
MicroSAM + UNETR,46,0.568957,0.490131
MicroSAM + UNETR,47,0.542662,0.463228
MicroSAM + UNETR,48,0.535995,0.461806
MicroSAM + UNETR,49,0.579054,0.483424
MicroSAM + UNETR,50,0.564830,0.470816
MicroSAM + UNETR,51,0.553519,0.458610
MicroSAM + UNETR,52,0.576525,0.465935
MicroSAM + UNETR,53,0.577679,0.457526
MicroSAM + UNETR,54,0.544944,0.457986
MicroSAM + UNETR,55,0.519973,0.455159
MicroSAM + UNETR,56,0.480506,0.461057
MicroSAM + UNETR,57,0.517369,0.446483
MicroSAM + UNETR,58,0.569810,0.443936
MicroSAM + UNETR,59,0.574708,0.454325
MicroSAM + UNETR,60,0.556151,0.444323
MicroSAM + UNETR,61,0.544939,0.468363
MicroSAM + UNETR,62,0.549422,0.458517
MicroSAM + UNETR,63,0.528696,0.440876
MicroSAM + UNETR,64,0.535729,0.451965
MicroSAM + UNETR,65,0.560983,0.438631
MicroSAM + UNETR,66,0.508404,0.438958
MicroSAM + UNETR,67,0.467250,0.428949
MicroSAM + UNETR,68,0.525787,0.436317
MicroSAM + UNETR,69,0.510814,0.448860
MicroSAM + UNETR,70,0.501877,0.432504
MicroSAM + UNETR,71,0.504279,0.431917
MicroSAM + UNETR,72,0.543634,0.424329
MicroSAM + UNETR,73,0.471476,0.431972
MicroSAM + UNETR,74,0.530772,0.429103
MicroSAM + UNETR,75,0.508669,0.432057
MicroSAM + UNETR,76,0.550701,0.433868
MicroSAM + UNETR,77,0.485411,0.427703
MicroSAM + UNETR,78,0.506703,0.421203
MicroSAM + UNETR,79,0.511223,0.419665
MicroSAM + UNETR,80,0.520117,0.434492
MicroSAM + UNETR,81,0.471525,0.424432
MicroSAM + UNETR,82,0.508904,0.423557
MicroSAM + UNETR,83,0.489151,0.430964
MicroSAM + UNETR,84,0.517249,0.435300
MicroSAM + UNETR,85,0.521743,0.426768
MicroSAM + UNETR,86,0.496437,0.426210
MicroSAM + UNETR,87,0.504892,0.415255
MicroSAM + UNETR,88,0.493831,0.424781
MicroSAM + UNETR,89,0.500035,0.419529
MicroSAM + UNETR,90,0.501647,0.418302
MicroSAM + UNETR,91,0.464223,0.408492
MicroSAM + UNETR,92,0.493022,0.409214
MicroSAM + UNETR,93,0.509824,0.409574
MicroSAM + UNETR,94,0.443092,0.412264
MicroSAM + UNETR,95,0.492613,0.411721
MicroSAM + UNETR,96,0.454852,0.410729
MicroSAM + UNETR,97,0.486105,0.414078
MicroSAM + UNETR,98,0.470312,0.407433
MicroSAM + UNETR,99,0.461452,0.406485
MicroSAM + UNETR,100,0.469552,0.408406
MicroSAM + UNETR,101,0.473255,0.408795
MicroSAM + UNETR,102,0.440590,0.409876
MicroSAM + UNETR,103,0.506516,0.405241
MicroSAM + UNETR,104,0.485819,0.409313
MicroSAM + UNETR,105,0.437368,0.407743
MicroSAM + UNETR,106,0.443449,0.410355
MicroSAM + UNETR,107,0.454454,0.414819
MicroSAM + UNETR,108,0.479902,0.400024
MicroSAM + UNETR,109,0.446837,0.405032
MicroSAM + UNETR,110,0.465902,0.399619
MicroSAM + UNETR,111,0.455416,0.408555
MicroSAM + UNETR,112,0.472467,0.399332
MicroSAM + UNETR,113,0.430723,0.409063
MicroSAM + UNETR,114,0.453322,0.401632
MicroSAM + UNETR,115,0.444406,0.398056
MicroSAM + UNETR,116,0.463693,0.401643
MicroSAM + UNETR,117,0.427687,0.401227
MicroSAM + UNETR,118,0.465051,0.399456
MicroSAM + UNETR,119,0.501585,0.402165
MicroSAM + UNETR,120,0.453643,0.399447
MicroSAM + UNETR,121,0.439611,0.398458
MicroSAM + UNETR,122,0.469050,0.396285
MicroSAM + UNETR,123,0.441022,0.393282
MicroSAM + UNETR,124,0.459290,0.396203
MicroSAM + UNETR,125,0.432397,0.392709
MicroSAM + UNETR,126,0.439330,0.391821
MicroSAM + UNETR,127,0.458267,0.396419
MicroSAM + UNETR,128,0.428548,0.394100
MicroSAM + UNETR,129,0.427444,0.397092
MicroSAM + UNETR,130,0.455235,0.401046
MicroSAM + UNETR,131,0.451673,0.395940
MicroSAM + UNETR,132,0.434622,0.392873
MicroSAM + UNETR,133,0.439481,0.393669
MicroSAM + UNETR,134,0.465367,0.388997
MicroSAM + UNETR,135,0.426220,0.394635
MicroSAM + UNETR,136,0.443134,0.398203
MicroSAM + UNETR,137,0.441413,0.391835
MicroSAM + UNETR,138,0.428606,0.389851
MicroSAM + UNETR,139,0.460935,0.395214
MicroSAM + UNETR,140,0.442285,0.391798
MicroSAM + UNETR,141,0.436811,0.387386
MicroSAM + UNETR,142,0.467255,0.390155
MicroSAM + UNETR,143,0.439666,0.392027
MicroSAM + UNETR,144,0.417167,0.395218
MicroSAM + UNETR,145,0.430501,0.393344
MicroSAM + UNETR,146,0.399483,0.391945
MicroSAM + UNETR,147,0.437409,0.393889
MicroSAM + UNETR,148,0.435939,0.391462
MicroSAM + UNETR,149,0.437230,0.388191
MicroSAM + UNETR,150,0.430282,0.388292
MicroSAM + UNETR,151,0.417218,0.391600
MicroSAM + UNETR,152,0.424784,0.389110
MicroSAM + UNETR,153,0.418744,0.388485
MicroSAM + UNETR,154,0.421572,0.389553
MicroSAM + UNETR,155,0.448132,0.388640
MicroSAM + UNETR,156,0.428018,0.390487
YOLO26m,0,5.405550,3.645070
YOLO26m,1,3.361110,3.171060
YOLO26m,2,3.237590,3.132240
YOLO26m,3,3.102500,2.682070
YOLO26m,4,2.921860,2.765490
YOLO26m,5,2.853650,2.511380
YOLO26m,6,2.745630,2.599220
YOLO26m,7,2.715090,2.476460
YOLO26m,8,2.661180,2.378070
YOLO26m,9,2.583480,2.345270
YOLO26m,10,2.572180,2.315580
YOLO26m,11,2.551100,2.348810
YOLO26m,12,2.585880,2.367220
YOLO26m,13,2.521690,2.366460
YOLO26m,14,2.500740,2.333320
YOLO26m,15,2.515040,2.278260
YOLO26m,16,2.453200,2.252720
YOLO26m,17,2.450560,2.258950
YOLO26m,18,2.431070,2.230440
YOLO26m,19,2.418060,2.245200
YOLO26m,20,2.403380,2.202620
YOLO26m,21,2.396900,2.157230
YOLO26m,22,2.383640,2.263070
YOLO26m,23,2.355280,2.292440
YOLO26m,24,2.375460,2.248170
YOLO26m,25,2.351320,2.198740
YOLO26m,26,2.274800,2.159920
YOLO26m,27,2.295600,2.120420
YOLO26m,28,2.276850,2.159850
YOLO26m,29,2.269580,2.177270
YOLO26m,30,2.289310,2.144840
YOLO26m,31,2.282890,2.170570
YOLO26m,32,2.273550,2.168510
YOLO26m,33,2.292550,2.111530
YOLO26m,34,2.223960,2.075380
YOLO26m,35,2.305100,2.130640
YOLO26m,36,2.304920,2.177350
YOLO26m,37,2.261110,2.115240
YOLO26m,38,2.237000,2.063290
YOLO26m,39,2.207350,2.099820
YOLO26m,40,2.223850,2.132050
YOLO26m,41,2.204440,2.069750
YOLO26m,42,2.190150,2.063600
YOLO26m,43,2.167080,2.118690
YOLO26m,44,2.194450,2.064400
YOLO26m,45,2.171430,2.023690
YOLO26m,46,2.158710,2.030450
YOLO26m,47,2.171220,2.040910
YOLO26m,48,2.170380,2.064620
YOLO26m,49,2.205710,2.075100
YOLO26m,50,2.168660,2.171050
YOLO26m,51,2.191260,2.038350
YOLO26m,52,2.149800,2.068230
YOLO26m,53,2.108180,2.036130
YOLO26m,54,2.143820,2.066840
YOLO26m,55,2.118720,2.013560
YOLO26m,56,2.102340,2.091340
YOLO26m,57,2.095200,2.083920
YOLO26m,58,2.061300,2.009380
YOLO26m,59,2.057390,2.053130
YOLO26m,60,2.085630,2.056500
YOLO26m,61,2.082710,1.992930
YOLO26m,62,2.041500,2.038170
YOLO26m,63,2.069800,1.996780
YOLO26m,64,2.077430,2.040060
YOLO26m,65,2.068070,2.051430
YOLO26m,66,2.040220,1.996150
YOLO26m,67,2.050210,1.997640
YOLO26m,68,2.039750,1.988650
YOLO26m,69,2.016270,1.960180
YOLO26m,70,2.018020,2.039970
YOLO26m,71,1.992300,2.008940
YOLO26m,72,1.989200,1.990500
YOLO26m,73,1.985960,1.993870
YOLO26m,74,2.003770,2.001140
YOLO26m,75,1.974950,1.992660
YOLO26m,76,1.986730,1.985860
YOLO26m,77,1.975650,1.970250
YOLO26m,78,1.979810,1.979150
YOLO26m,79,1.977200,1.995990
YOLO26m,80,2.009260,1.997180
YOLO26m,81,2.016210,1.971300
YOLO26m,82,1.976620,1.980360
YOLO26m,83,1.946620,2.025130
YOLO26m,84,1.920670,2.001210
YOLO26m,85,1.940400,1.987880
YOLO26m,86,1.923210,1.990450
YOLO26m,87,1.936990,1.936840
YOLO26m,88,1.915520,1.935250
YOLO26m,89,1.929510,1.950620
YOLO26m,90,1.909580,1.979270
YOLO26m,91,1.897500,2.023310
YOLO26m,92,1.908850,1.993340
YOLO26m,93,1.920670,1.992400
YOLO26m,94,1.879330,1.977970
YOLO26m,95,1.880810,1.960560
YOLO26m,96,1.901960,1.985900
YOLO26m,97,1.851970,1.953020
YOLO26m,98,1.849040,1.970040
YOLO26m,99,1.896620,1.965820
YOLO26m,100,1.838560,1.997300
YOLO26m,101,1.835740,1.936500
YOLO26m,102,1.812380,1.961250
